{
    "accuracy": 0.833029197080292,
    "specificity": 0.7515274949083504,
    "sensitivity": 0.8991735537190083,
    "mcc": 0.6627177422019394
}