{
    "accuracy": 0.6583333333333333,
    "specificity": 0.5864197530864198,
    "sensitivity": 0.7171717171717171,
    "mcc": 0.30606808841833033
}