{
    "accuracy": 0.8485401459854015,
    "specificity": 0.7759674134419552,
    "sensitivity": 0.9074380165289256,
    "mcc": 0.6940862367868801
}