{
    "accuracy": 0.8065693430656934,
    "specificity": 0.7311608961303462,
    "sensitivity": 0.8677685950413223,
    "mcc": 0.6078258788140506
}